gpt_label,description,keywords,gx_cluster
Qatar Military and Trade Deals,"The tweets highlight various significant trade agreements and military orders involving Qatar, particularly emphasizing large financial commitments and their implications. Discussions also touch on political aspects surrounding these deals, including their impact on U.S. jobs and relations.","['Qatar', 'trade', 'military', 'deals', 'Trump', 'jobs', 'defense', 'orders']","$, billion, qatar, deal"
Sustainable Aviation Fuel Initiatives,"This cluster focuses on efforts by airlines and related companies to adopt sustainable aviation fuels, aiming to reduce carbon emissions and increase the use of biofuels by 2030. It highlights the commitment of over 50 airlines to integrate sustainable practices in their fuel supply.","['sustainable aviation fuels', 'biofuels', 'emissions reduction', 'airlines', 'Delta', 'BP', 'jet fuel', '2030']","2030, fly on 100, sustainable, 50 airlines"
Global Vaccine Distribution Challenge,"The tweets highlight the logistical challenges of distributing coronavirus vaccines to the world's population, emphasizing the need for a large fleet of cargo aircraft. The discussion centers around the significant resources required for this global health initiative.","['vaccine distribution', 'global health', 'air cargo', 'logistics', 'pandemic response', 'international transport', 'aircraft usage']","7.8 billion people, 747 cargo aircraft, 8,00 boeing 747 cargo, billion people"
737 Max Safety Concerns,Discussions around the safety of the 737 Max aircraft continue amidst fears from passengers and scrutiny from aviation experts. Industry leaders are attempting to reassure the public while addressing FAA oversight issues.,"['737 Max', 'safety', 'FAA', 'aviation', 'crashes', 'regulators', 'public opinion']","737 max, max, faa, pilot"
Controversies Surrounding 9/11 Events,"The tweets discuss the contested narratives and evidence surrounding the events of 9/11, particularly the crash of American Airlines Flight 77 into the Pentagon. Various opinions, eyewitness accounts, and debates over the validity of evidence are highlighted.","['9/11', 'Pentagon', 'Flight 77', 'eyewitness accounts', 'crash evidence', 'controversy', 'narratives']","9/11, pentagon, flight 77, building"
Investigation of Crash Incident,"This topic cluster centers around the investigation of a plane crash, focusing on the role of the black boxes, which are designed for visibility. The information shared highlights concerns regarding the sudden dive of the aircraft and the potential implications for safety.","['crash investigation', 'black boxes', 'visibility', 'safety concerns', 'aircraft dive', 'mountain crash']","actually painted, actually painted orange, crash into a mountain, dive suddenly"
Airbus Competition and Strategy,"This cluster focuses on the competitive dynamics between Airbus and other industry players, particularly in relation to orders and market strategies. Discussions include fleet renewals, partnerships, and the implications of executive changes.","['Airbus', 'competition', 'airline orders', 'market strategy', 'fleet renewal', 'executive changes', 'aviation industry']","airbus, rival, airbus and boeing, rival boeing"
Fraud Impact on Airlines,A widespread fraud involving fake aircraft parts has triggered a chaotic response from both engine manufacturers and airlines. The industry is now scrambling to address the potential safety risks and reputational damage caused by this incident.,"['fraud', 'airlines', 'engine makers', 'fake parts', 'safety risks', 'crisis management', 'airline industry']","airlines in a frantic, engine makers and airlines, fake parts, frantic race"
Issues with 737 MAX Fleet,"Recent tweets highlight significant problems and incidents related to the 737 MAX fleet, including groundings, safety concerns, and cybersecurity threats. Various airlines are taking precautionary measures and investigating related incidents.","['737 MAX', 'Alaska Airlines', 'groundings', 'FAA', 'safety', 'cybersecurity', 'airline issues']","alaska, alaska airlines, boeing 737 max 9, 737 max 9"
Analyst Call Highlights,"This cluster focuses on significant analyst calls and upgrades involving various companies, showcasing trends and market insights. Key mentions include major corporations and financial assessments made by analysts.","['analyst calls', 'market insights', 'upgrades', 'financial assessments', 'investments', 'Apple', 'Tesla', 'Airlines']","analyst calls, biggest analyst, biggest analyst calls, analyst"
Virtual Reality Innovations,This cluster focuses on how companies like Tinder are leveraging virtual reality technologies and innovations. The discussion highlights the intersection of technology and user engagement in virtual environments.,"['virtual reality', 'Tinder', 'technology', 'innovation', 'user engagement', 'digital experience', 'tech trends']","approaching virtual, approaching virtual reality, tinder, tinder are approaching"
Flight Incident at Heathrow,"On June 15, 2025, British Airways flight BA35, a Boeing 787-8, returned to Heathrow due to a flap adjustment failure shortly after takeoff. The incident has raised concerns about airline safety, although no injuries were reported.","['British Airways', 'Heathrow', 'flight BA35', 'flap adjustment', 'safety incident', 'June 2025', '787-8']","ba35, heathrow, flight ba35, flap adjustment"
Safety Concerns and Accountability,"This cluster highlights ongoing discussions about safety issues in aviation, focusing on accountability for the design of an unsafe aircraft and the response to pilot errors. A recurring theme is the emphasis on foreign pilots being blamed in light of recent investigations.","['aviation safety', 'Lion Air', 'pilot accountability', 'investigation', 'aircraft design', 'crash aftermath', 'foreign pilots']","blamed foreign, blamed foreign pilots, boeing built an unsafe, built an unsafe"
737 MAX Return to Service,Recent developments surrounding the 737 MAX highlight its anticipated return to service by airlines and regulatory approvals. Concerns persist regarding safety and public confidence in the aircraft following previous incidents.,"['737 MAX', 'return to service', 'FAA approval', 'safety concerns', 'airlines', 'grounding', 'holiday travel']","boeing 737 max, return, 737 max, max"
Flight Recorder Recovery Issues,The discussion revolves around the challenges and developments related to the recovery of flight recorders from recent airline crashes. Key insights highlight the condition and data integrity of these crucial devices during investigations.,"['flight recorder', 'black boxes', 'data recovery', 'aviation accidents', 'investigation', 'China Eastern Airlines', 'South Korea']","box, black, black box, black boxes"
CEO's Emotional Response to Setback,"In a heartfelt address, the CEO expresses deep emotions while discussing the company's accountability for recent incidents involving the 737 Max 9. This highlights the leadership's struggle with ongoing challenges and the importance of transparency.","['CEO', 'emotional response', 'accountability', '737 Max 9', 'Dave Calhoun', 'setback', 'shortcomings']","calhoun fought, calhoun fought back tears, ceo dave calhoun fought, dave calhoun fought"
Flight Cancellations and Deliveries,This cluster discusses recent flight cancellations and the status of aircraft deliveries connected to quality issues and operational decisions by various airlines. The focus is on the challenges faced by airlines and manufacturers regarding aircraft safety and operational efficiency.,"['flight cancellations', 'aircraft deliveries', 'quality issues', 'operational decisions', 'airlines', 'supply chain', 'regulatory scrutiny']","cancel, delivery, deliveries of its 787, dreamliner deliveries"
Carbon Credit Partnership,"The tweets discuss a significant partnership aimed at carbon reduction between a startup and a major aviation company, focusing on innovative approaches to environmental sustainability. This collaboration emphasizes the growing trend of corporate responsibility in addressing climate change through green technologies.","['carbon credits', 'green hydrogen', 'Equatic', 'startup partnership', 'sustainability', 'ocean carbon removal', 'environmental innovation']","carbon, based startup, based startup that removes, boeing is partnering"
Leadership Changes and Accountability,"This cluster focuses on the leadership dynamics and accountability issues surrounding the aerospace company, particularly in light of public and congressional scrutiny. It captures the shifts in CEO roles, compensation changes, and the implications of their testimonies regarding safety and trust.","['CEO', 'leadership', 'accountability', 'safety', 'congressional hearing', 'public trust', 'compensation', 'lobbyist']","ceo, boeing ceo, calhoun, muilenburg"
China Southern Airlines Fleet Changes,"China Southern Airlines is undergoing significant fleet changes, including the planned sale of its 10 Boeing 787-8 aircraft. This move is part of a broader strategy to modernize their fleet and focus on more efficient models, while also considering the economic impacts on their operations.","['China Southern Airlines', 'fleet modernization', 'Boeing 787-8', 'Airbus A350-900', 'aerospace engines', 'COMAC C919', 'aviation strategy', 'economic factors']","china southern airlines, southern airlines, china southern, 10 boeing 787"
China's Aviation Trade Dynamics,"This cluster discusses the evolving trade relationship between Chinese airlines and American aircraft manufacturers, focusing on recent bans and deliveries. Issues of geopolitical tensions, tariffs, and China's influence in global aviation are central to these tweets.","['China', 'aviation', 'trade', 'tariffs', 'geopolitical tensions', 'airlines', 'deliveries']","china, tariff, trade, chinese"
Sunita Williams' Health Concerns,Recent discussions focus on Sunita Williams' eyesight issues amid uncertainty regarding her and Barry Wilmore's return. The lack of confirmation raises concerns among followers and the space community.,"['Sunita Williams', 'NASA', 'return confirmation', 'eyewear issues', 'Space', 'ISS', 'health concerns']","claim that williams, confirmation on the return, eyesight issue, facing an eyesight"
D.B. Cooper Investigation,This cluster contains tweets discussing new evidence linking D.B. Cooper to potential employment in the aviation industry. The focus is on ongoing speculation and investigations related to his background.,"['D.B. Cooper', 'aviation', 'employment', 'investigation', 'evidence', 'speculation']","cooper may have worked, suggests d.b., suggests d.b. cooper, worked for boeing"
Aviation Industry Challenges,"The collection highlights significant challenges facing the aviation sector, including financial setbacks, management changes, and technological advancements. Tweets discuss industry rebounds, corporate strategies, and operational difficulties.","['aviation', 'financial', 'technology', 'management', 'challenges', 'industry rebound', 'outsourcing']","coronavirus, $ba, business, company"
Aircraft Safety Concerns,Recent findings indicate serious safety issues related to cracks and debris in various aircraft models. Inspections and groundings have been implemented across multiple planes due to these discoveries.,"['cracks', 'safety', 'inspections', 'debris', 'aircraft', 'grounded', 'U.S. Air Force', 'aviation']","crack, debris, find, debris found"
Workforce Reductions and Layoffs,This cluster focuses on the significant layoffs and workforce reductions affecting employees due to various operational and financial challenges. It highlights the impact of strikes and global events on employment within the industry.,"['layoff', 'workforce', 'job cuts', 'employment', 'financial crisis', 'operational challenges', 'mass layoffs']","cut, layoff, workforce, job"
Order Cancellations and Deliveries,This cluster focuses on the significant events surrounding aircraft order cancellations and deliveries. It highlights the challenges faced in production and the financial implications on the company's outlook.,"['order cancellations', 'deliveries', 'production', 'financial outlook', '737 Max', '787 Dreamliner', 'industry trends']","delivery, deliver, production, order"
Recent Airline Incidents,"This cluster focuses on recent high-profile incidents involving commercial aircraft, including crashes and safety investigations. It highlights the responses from authorities and the implications for airline safety standards.","['airline incidents', 'crash', 'safety', 'investigation', 'emergency response', 'casualties', 'China', 'South Korea']","eastern, china eastern, china, 800"
Regulatory Challenges and Partnerships,"The dataset highlights various regulatory challenges faced by Boeing regarding its business dealings with Embraer, including antitrust investigations and the termination of a significant deal. It also reflects the competitive dynamics in the aerospace market involving key players like Airbus.","['regulatory challenges', 'Embraer', 'partnerships', 'antitrust', 'Aerospace', 'Airbus', '777X', 'market competition']","embraer, $4.2, $4.2 billion, 4.2 billion"
Emergency Landings and Engine Issues,"This cluster focuses on incidents involving emergency landings and engine malfunctions affecting aircraft operations. Various events highlight safety concerns, pilot actions, and investigations by regulatory bodies.","['emergency landing', 'engine issues', 'safety', 'investigation', 'aircraft incidents', 'pilot actions', 'landing gear', 'fire']","emergency landing, landing, emergency, engine"
ET302 Compensation Controversy,"This cluster focuses on the aftermath of the Ethiopian Airlines Flight ET302 crash, including compensation issues and allegations of improper handling of victim settlements. It highlights the ongoing discussions and demands from the families of the victims for transparency and justice.","['ET302', 'compensation', 'Ethiopian Airlines', 'flight crash', 'victim settlement', ""familes' demands"", 'transparency']","ethiopian, ethiopian airlines, ethiopia, 2003"
FAA Investigations and Safety Concerns,Recent tweets highlight ongoing investigations by the FAA regarding inspection processes and safety standards associated with Boeing's aircraft. The scrutiny raises concerns about compliance and quality control within the aviation industry.,"['FAA', 'investigation', 'safety', 'inspection', 'audit', 'quality', 'aviation']","faa, quality, inspection, safety"
Nikki Haley's Board Controversies,"This cluster focuses on Nikki Haley's controversial role on the board of directors, including her resignation and opposition to government aid during the pandemic. It highlights her financial interests and public actions related to Boeing.","['Nikki Haley', 'resignation', 'government aid', 'board of directors', 'financial interests', 'controversies', 'union issues']","haley, nikki haley, nikki, resign"
Headquarters Relocation Discussions,"The tweets discuss the ongoing relocation of corporate headquarters, specifically focusing on the move from Chicago to Arlington, Virginia. It also highlights the implications of this shift for the company and the region.","['headquarters', 'Arlington', 'Chicago', 'Virginia', 'relocation', 'POTUS', 'manufacturing', 'Caterpillar']","headquarters, arlington, chicago, virginia"
Air India Flight AI171 Crash,"The dataset focuses on the tragic crash of Air India Flight AI171 shortly after takeoff from Ahmedabad on June 12, 2025. Investigations into the crash's cause, including potential technical failures, are ongoing, with reports of one survivor among significant casualties.","['Air India', 'Flight AI171', 'crash', 'Ahmedabad', 'investigation', 'survivor', 'casualties', 'June 12, 2025']","india, air india, ahmedabad, june 12"
India's Aviation Developments,"Recent tweets highlight India's growing aviation sector, particularly in relation to Air India's significant aircraft orders and investments made in the country. They also touch upon military aviation contracts and the implications of aircraft deliveries on various airlines.","['India', 'Air India', 'aviation', 'aircraft orders', 'investments', 'military contracts']","india, turkish, air india, technic"
Indonesian Airline Crashes,"This cluster focuses on incidents involving airline crashes in Indonesia, particularly highlighting searches and recoveries related to specific flights. Notable events include the Sriwijaya Air crash and the lifting of bans on certain aircraft types following tragic accidents.","['Indonesia', 'airline', 'crash', 'search', 'rescue', 'aviation', 'safety']","indonesia, jakarta, sea, indonesian"
Iranian Aircraft Deals and Challenges,"This cluster focuses on various aircraft deals involving Iran, highlighting significant agreements and the associated political and economic implications. It reflects the complexities and risks of international aviation commerce in turbulent regions.","['Iran', 'aircraft', 'deal', 'political debate', 'commitment', 'jet deal', 'international commerce', 'aviation']","iran, iran air, deal, boeing wins"
Military Air Operations in the Middle East,"This cluster focuses on military air activities and incidents involving Israel and Iranian forces. It discusses airstrikes and military equipment used, as well as coordination between nations during such operations.","['military', 'Israel', 'Iran', 'airstrikes', 'refueling', 'video', 'operations', 'aviation']","iran, military, video, israel"
John Oliver's Critique of Aviation,"This cluster focuses on John Oliver's satirical take on the aviation industry, particularly targeting the company's actions and reputation. His comedic critique highlights issues in a provocative manner, often using parody to emphasize his points.","['John Oliver', 'aviation critique', 'satire', 'parody', 'company reputation', 'comedy', 'media commentary']","john oliver, oliver, absolutely obliterated, absolutely obliterated boeing"
Farewell to the Jumbo Jet,"The retirement of the iconic Jumbo Jet signifies the end of an era in aviation. The final models are being phased out, highlighting the transition to newer aircraft designs.","['jumbo', '747', 'retirement', 'aviation', 'history', 'United', 'production']","jumbo, 747, queen, queen of the skies"
737 Max Legal Challenges,"The cluster highlights ongoing legal issues related to the 737 Max aircraft, including lawsuits, criminal charges, and plea deals. It showcases the impact on victims' families and the judicial responses to these cases.","['737 Max', 'legal', 'lawsuits', 'criminal charges', 'plea deal', 'victims', 'US court']","justice, guilty, criminal, justice department"
Aircraft Market Growth Projections,"The discussion revolves around the expected growth in the number of commercial aircraft needed globally over the next two decades, highlighting trends and market demands in regions like Asia. Insights about investment in sustainable aviation fuels are also included.","['aircraft projections', 'market growth', 'China', 'sustainable fuel', 'aviation', 'commercial airlines', 'economic impact']","kg, iphone, weight, flap"
Safety Concerns Over Dreamliner,"Following the first ever crash involving a Dreamliner, the DGCA has ordered additional inspections, raising questions about the aircraft's safety record. Experts are probing whether these planes should be grounded, especially after previous issues with another model.","['Dreamliner', 'safety', 'DGCA', 'crash', 'inspections', 'aircraft', 'grounded', 'experts']","lens, 1st ever crash, 1st ever crash dgca, ask probing"
Financial Struggles and Losses,"The tweets highlight significant financial losses and challenges facing the aerospace company in recent quarters, often linked to production issues and crises. Analysts note declining revenues and share price impacts amid ongoing quality concerns.","['financial loss', 'revenue drop', 'stock decline', 'airline challenges', 'production issues', 'market impact']","loss, boeing shares, share, fall"
Spacecraft Development Challenges,"Discussion revolves around the challenges faced in spacecraft development, particularly citing the competition between Starliner and SpaceX's Dragon. Experts emphasize the need for significant improvements to remain competitive in the industry.","['SpaceX', 'Starliner', 'Neil Tyson', 'Navika Kumar', 'spacecraft', 'development', 'competition', 'industry challenges']","neiltyson, navikakumar, problems if they want, stay in the game"
Aircraft Purchase Announcements,"Various airlines are making significant aircraft purchases and agreements, reflecting a robust demand in the aviation sector. Key players include Emirates, United Airlines, and Vietnam Airlines, among others.","['airlines', 'aircraft purchase', 'fleet expansion', 'aviation', 'Emirates', 'United Airlines', 'Vietnam Airlines', 'Akasa Air']","order, emirates, akasa, buy"
Legal Settlements and Penalties,"This cluster centers around financial penalties and legal settlements related to safety violations, including payments made to settle investigations and lawsuits. Key incidents involve regulatory penalties and compensations due to design flaws and safety issues.","['settlement', 'penalty', 'lawsuit', 'compensation', 'safety violations', 'investigation', 'fraud charges', 'financial impact']","pay $, pay, $, billion"
Retirement of Super Hornet Fighter Jets,"The tweets discuss the planned retirement and end of production for the F/A-18 Super Hornet fighter jets, highlighting their historical significance and connections to popular culture. This transition marks the end of a 40-year legacy of deliveries to the U.S. Navy.","['Super Hornet', 'F/A-18', 'retirement', 'production end', 'military jets', 'Top Gun', 'Navy']","plans to end production, end production, super hornet, hornet"
Whistleblower Investigation Outcome,"A police investigation into a former manager's safety concerns at the company concluded, with findings indicating the manager's death was a suicide. This case highlights the serious repercussions faced by whistleblowers in corporate environments.","['whistleblower', 'police investigation', 'safety concerns', 'manager death', 'suicide', 'corporate ethics', 'investigation outcome']","police investigation, boeing manager who raised, company and was found, concluded with law"
Qatar's Gift and Ethical Concerns,"The tweets discuss the proposal for Qatar to provide a 747-8 aircraft for use as Air Force One, raising numerous ethical and financial implications. The discussions include potential costs, security issues, and the involvement of former President Trump.","['Qatar', 'Air Force One', 'Trump', 'gift', 'ethical concerns', 'supply chain', 'security issues', 'cost savings']","qatar, gift, air force, trump"
Ryanair's Aircraft Negotiations,"This cluster focuses on Ryanair's dealings with aircraft manufacturers, highlighting their orders, negotiations, and supply chain concerns. It features CEO Michael O'Leary's comments on pricing and aircraft delivery expectations.","['Ryanair', ""Michael O'Leary"", '737 Max', 'aircraft orders', 'delivery disruptions', 'legal issues', 'profit announcements']","ryanair, o'leary, michael o'leary, michael"
Seahawks Camp Partnership,"This cluster revolves around tweets highlighting the collaboration between the Seattle Seahawks and a corporate partner. The posts feature references to events, activities, and promotional aspects associated with the Seahawks camp.","['Seahawks', 'camp', 'partnership', 'social media', 'sports', 'events', 'promotion']","seahawkscamp, seahawkscamp x boeing, gohawks, gohawks x boeing"
Flight Safety and Seat Information,"This cluster focuses on events related to passenger safety and seating arrangements on various aircraft, exploring experiences and risks associated with specific rows or seat numbers. Topics include survival chances, legal issues, and emergency procedures affecting passengers' safety during flights.","['flight safety', 'seating arrangement', 'emergency exit', 'passenger experience', 'lawsuits', 'survival chances', 'specific seats', 'plane incidents']","seat, 11a, exit, row"
Airline Scheduling and Operations Issues,"This cluster highlights the impact of aircraft-related issues on airlines' flight schedules and operations, particularly concerning the 737 Max. Tweets discuss cancellations, delays, and planning changes by major airlines in response to aircraft performance and safety considerations.","['airline operations', 'flight scheduling', '737 Max', 'Southwest Airlines', 'American Airlines', 'cancellations', 'aircraft safety', 'travel impact']","southwest, american airlines, american, southwest airlines"
SpaceX Dragon Decommissioning Impact,"The potential decommissioning of SpaceX's Dragon spacecraft could significantly disrupt NASA's International Space Station missions, leading to delays and complications in crew and cargo transport. This situation may force reliance on alternatives that are not fully prepared, affecting U.S. space policy and international cooperation.","['SpaceX', 'Dragon', 'NASA', 'ISS', 'decommissioning', 'crew transport', 'cargo', 'alternatives']","spacex, dragon, alternative, iss"
India's Aviation Trust Issues,"The tweets focus on the ongoing efforts and measures taken by Indian airlines, particularly SpiceJet and Air India, to restore passenger confidence in fleet operations. This includes government inspections and operations involving various aircraft models amid safety concerns and regulations.","['SpiceJet', 'Air India', 'DGCA', 'India', 'fleet', 'aviation', 'trust', 'safety']","spicejet, dgca, india, fleet"
Spirit AeroSystems Acquisition Talks,"The dataset highlights acquisition discussions and layoffs related to Spirit AeroSystems, a key supplier in the aerospace industry. It also touches on impacts from Boeing's operational decisions and broader industry challenges.","['Spirit AeroSystems', 'acquisition', 'layoffs', 'supplier issues', 'aerospace industry', 'job cuts', '737 MAX', 'Boeing supply chain']","spirit, aerosystems, spirit aerosystems, supplier spirit"
Spacecraft Launch and Challenges,"This cluster discusses the developments and challenges surrounding a spacecraft launch, highlighting both the successful docking and assistance from other companies. Key figures like astronauts and references to famous missions add depth to the narrative.","['space', 'launch', 'astronaut', 'Starliner', 'NASA', 'SpaceX', 'mission', 'challenges']","starliner, space, astronaut, launch"
Stock Market Movements,"This cluster focuses on notable stock movements and analyst views related to the market. Key beneficiaries and challenges in the stock market, particularly in relation to specific companies and economic factors, are highlighted.","['stocks', 'stock market', 'moves', 'analyst', 'trading', 'economy', 'investors']","stock, dow, stocks making, making the biggest"
Unusual Noises from Spacecraft,"Astronauts aboard the Starliner have reported strange, sonar-like noises, prompting investigations from NASA. The situation raises concerns about the spacecraft's functionality during its prolonged mission in space.","['astronauts', 'Starliner', 'sonar', 'NASA', 'noises', 'spacecraft', 'investigation']","strange, noise, strange noise, sonar"
Labor Actions and Strikes,"The tweets focus on the recent labor strikes involving workers and their union, highlighting issues like wage increases, contract negotiations, and worker solidarity. These discussions reflect the tensions between labor rights and company management decisions.","['strike', 'worker', 'union', 'vote', 'wages', 'contract', ""workers' rights"", 'labor relations']","strike, worker, union, vote"
737 Max Flight Operations Status,"This cluster focuses on the status of the 737 Max's flight operations, including updates on resuming flights, production halts, and the effects on airline customers. It highlights key developments, delays, and the impact on contractors in the supply chain.","['737 Max', 'flight status', 'resumption', 'production halt', 'airline impact', 'deliveries', 'cancellations', 'suppliers']","suspend, production, resume, max production"
US-EU Trade Dispute Resolution,Recent agreements between the US and EU aim to resolve longstanding trade disputes related to tariffs and subsidies affecting major aerospace companies. The negotiations signal a potential easing of tensions and a pathway to improved trade relations.,"['US', 'EU', 'trade dispute', 'tariffs', 'aircraft', 'subsidies', 'Airbus']","tariff, eu, uk, dispute"
Trump's Impact on Aviation,"This cluster focuses on Donald Trump's actions and their implications for the aviation industry, particularly in relation to tariffs and corporate interactions. It highlights his influence on companies and government contracts during his presidency.","['Trump', 'aviation', 'tariffs', 'Air Force One', 'CEO Muilenburg', 'federal laws']","trump, donald, donald trump, f-47"
COVID-19 Vaccine Policy Changes,"The discussion centers around the changes in COVID-19 vaccine mandates for U.S. employees, reflecting both employee reactions and corporate decisions. Key events include rallies for better wages and employee pushback against vaccination requirements.","['vaccine', 'mandate', 'COVID-19', 'U.S. employees', 'wage rally', 'employee rights', 'corporate policy']","vaccine, mandate, vaccine mandate, u.s. employees"
Investment in Space Exploration,"This cluster focuses on financial partnerships and investments involving Virgin Galactic and its initiatives. It highlights collaborative efforts between Richard Bransonâ€™s ventures and other companies, emphasizing advancements in space tourism and propulsion technologies.","['Virgin Galactic', 'Richard Branson', 'investment', 'space tourism', 'propulsion technologies', 'collaboration', 'Aurora', 'Virgin Orbit']","virgin, virgin galactic, galactic, branson"
Whistleblower Allegations and Concerns,This cluster focuses on the allegations raised by whistleblowers about manufacturing issues and safety concerns within the company. It highlights the challenges faced by individuals coming forward and the broader implications for aviation safety.,"['whistleblower', 'manufacturing concerns', 'safety issues', 'aviation', 'Senate committee', 'John Barnett', 'quality shortfalls', 'Dreamliner']","whistleblower, boeing whistleblower, barnett, john barnett"
Astronaut Status and Returns,"This cluster focuses on the statuses and returns of astronauts Sunita Williams and Butch Wilmore, detailing their time aboard the ISS and the associated issues with their spacecraft. Key events include delays and their eventual return via SpaceX due to complications during their mission.","['Sunita Williams', 'Butch Wilmore', 'ISS', 'SpaceX', 'Starliner', 'NASA', 'astronaut mission']","williams, wilmore, butch, butch wilmore"
